Workbook

Sheet This video (v5)
A1: Tornado video v5 — every visual on screen
A2: Video: docs/weather/renders/tornado_intelligence_phase3_v5.mp4 · 546.2 s (9:06) · your recorded voiceover · no weather CSV. One row per drawn element (each tornado track line, each label chip, each camera move). Counts below are formulas over the table.
A4: By family | E4: By visual type | I4: Map graphics by colour
A5: Family | B5: Count | C5: Total on-screen (s) | E5: Visual | F5: Count | G5: Added by | I5: Colour | J5: Hex | K5: Track lines | L5: Label chips | M5: Warning shapes | N5: All visuals
A6: Map data graphic | B6: =COUNTIF($D$41:$D$205,A6) | C6: =SUMIF($D$41:$D$205,A6,$K$41:$K$205) | E6: Camera start | F6: =COUNTIF($E$41:$E$205,E6) | G6: Your plan | I6: Yellow (EF0 tornado track) | J6: #FFE066 | K6: =COUNTIFS($H$41:$H$205,J6,$E$41:$E$205,"Tornado track line") | L6: =COUNTIFS($H$41:$H$205,J6,$E$41:$E$205,"Track label chip") | M6: =COUNTIFS($H$41:$H$205,J6,$D$41:$D$205,"Map data graphic",$E$41:$E$205,"Warning*") | N6: =COUNTIF($H$41:$H$205,J6)
A7: Map loop | B7: =COUNTIF($D$41:$D$205,A7) | C7: =SUMIF($D$41:$D$205,A7,$K$41:$K$205) | E7: Place label (dot + name) | F7: =COUNTIF($E$41:$E$205,E7) | G7: Engine (auto) | I7: Orange (EF1 tornado track) | J7: #FFA94D | K7: =COUNTIFS($H$41:$H$205,J7,$E$41:$E$205,"Tornado track line") | L7: =COUNTIFS($H$41:$H$205,J7,$E$41:$E$205,"Track label chip") | M7: =COUNTIFS($H$41:$H$205,J7,$D$41:$D$205,"Map data graphic",$E$41:$E$205,"Warning*") | N7: =COUNTIF($H$41:$H$205,J7)
A8: Map label | B8: =COUNTIF($D$41:$D$205,A8) | C8: =SUMIF($D$41:$D$205,A8,$K$41:$K$205) | E8: Headline lower-third | F8: =COUNTIF($E$41:$E$205,E8) | G8: Engine (auto) | I8: Red-orange (EF2 tornado track) | J8: #FF6B3D | K8: =COUNTIFS($H$41:$H$205,J8,$E$41:$E$205,"Tornado track line") | L8: =COUNTIFS($H$41:$H$205,J8,$E$41:$E$205,"Track label chip") | M8: =COUNTIFS($H$41:$H$205,J8,$D$41:$D$205,"Map data graphic",$E$41:$E$205,"Warning*") | N8: =COUNTIF($H$41:$H$205,J8)
A9: Legend / key | B9: =COUNTIF($D$41:$D$205,A9) | C9: =SUMIF($D$41:$D$205,A9,$K$41:$K$205) | E9: Vignette (dark edges) | F9: =COUNTIF($E$41:$E$205,E9) | G9: Teamplate style | I9: Red (tornado warning) | J9: #FF0000 | K9: =COUNTIFS($H$41:$H$205,J9,$E$41:$E$205,"Tornado track line") | L9: =COUNTIFS($H$41:$H$205,J9,$E$41:$E$205,"Track label chip") | M9: =COUNTIFS($H$41:$H$205,J9,$D$41:$D$205,"Map data graphic",$E$41:$E$205,"Warning*") | N9: =COUNTIF($H$41:$H$205,J9)
A10: Text card | B10: =COUNTIF($D$41:$D$205,A10) | C10: =SUMIF($D$41:$D$205,A10,$K$41:$K$205) | E10: Camera fly to place | F10: =COUNTIF($E$41:$E$205,E10) | G10: Your plan | I10: Orange (place label tag) | J10: #E8552B | K10: =COUNTIFS($H$41:$H$205,J10,$E$41:$E$205,"Tornado track line") | L10: =COUNTIFS($H$41:$H$205,J10,$E$41:$E$205,"Track label chip") | M10: =COUNTIFS($H$41:$H$205,J10,$D$41:$D$205,"Map data graphic",$E$41:$E$205,"Warning*") | N10: =COUNTIF($H$41:$H$205,J10)
A11: Source line | B11: =COUNTIF($D$41:$D$205,A11) | C11: =SUMIF($D$41:$D$205,A11,$K$41:$K$205) | E11: Camera slow push in | F11: =COUNTIF($E$41:$E$205,E11) | G11: Your plan | I11: Red (title highlight / headline) | J11: #D3122B | K11: =COUNTIFS($H$41:$H$205,J11,$E$41:$E$205,"Tornado track line") | L11: =COUNTIFS($H$41:$H$205,J11,$E$41:$E$205,"Track label chip") | M11: =COUNTIFS($H$41:$H$205,J11,$D$41:$D$205,"Map data graphic",$E$41:$E$205,"Warning*") | N11: =COUNTIF($H$41:$H$205,J11)
A12: Footage | B12: =COUNTIF($D$41:$D$205,A12) | C12: =SUMIF($D$41:$D$205,A12,$K$41:$K$205) | E12: Camera ease back out | F12: =COUNTIF($E$41:$E$205,E12) | G12: Your plan | I12: White (source lines) | J12: #FFFFFF | K12: =COUNTIFS($H$41:$H$205,J12,$E$41:$E$205,"Tornado track line") | L12: =COUNTIFS($H$41:$H$205,J12,$E$41:$E$205,"Track label chip") | M12: =COUNTIFS($H$41:$H$205,J12,$D$41:$D$205,"Map data graphic",$E$41:$E$205,"Warning*") | N12: =COUNTIF($H$41:$H$205,J12)
A13: Transition / effect | B13: =COUNTIF($D$41:$D$205,A13) | C13: =SUMIF($D$41:$D$205,A13,$K$41:$K$205) | E13: Stock video clip | F13: =COUNTIF($E$41:$E$205,E13) | G13: Your plan / Teamplate cutaway | I13: Black (place tag (top)) | J13: #111111 | K13: =COUNTIFS($H$41:$H$205,J13,$E$41:$E$205,"Tornado track line") | L13: =COUNTIFS($H$41:$H$205,J13,$E$41:$E$205,"Track label chip") | M13: =COUNTIFS($H$41:$H$205,J13,$D$41:$D$205,"Map data graphic",$E$41:$E$205,"Warning*") | N13: =COUNTIF($H$41:$H$205,J13)
A14: Camera move | B14: =COUNTIF($D$41:$D$205,A14) | C14: =SUMIF($D$41:$D$205,A14,$K$41:$K$205) | E14: Dip to dark (transition) | F14: =COUNTIF($E$41:$E$205,E14) | G14: Teamplate style | I14: Total | K14: =SUM(K6:K13) | L14: =SUM(L6:L13) | M14: =SUM(M6:M13) | N14: =SUM(N6:N13)
A15: Total | B15: =SUM(B6:B14) | C15: =SUM(C6:C14) | E15: Keyword title card | F15: =COUNTIF($E$41:$E$205,E15) | G15: Your plan (hud_title) in Teamplate style
A16: On-screen seconds overlap (several visuals at once), so the total is more than the video's length. | E16: Place tag (top) | F16: =COUNTIF($E$41:$E$205,E16) | G16: Teamplate style
E17: Legend panel | F17: =COUNTIF($E$41:$E$205,E17) | G17: Engine (auto) | I17: Tornado tracks drawn in v5, by the state they start in
E18: Tornado track line | F18: =COUNTIF($E$41:$E$205,E18) | G18: Engine (auto) | I18: State | J18: Track lines drawn | K18: Note
E19: Track label chip | F19: =COUNTIF($E$41:$E$205,E19) | G19: Engine (auto) | I19: SC | J19: =COUNTIFS($E$41:$E$205,"Tornado track line",$F$41:$F$205,"*starts in SC;*") | K19: the story's state: correct
A20: Key numbers | E20: Source line (bottom text) | F20: =COUNTIF($E$41:$E$205,E20) | G20: Engine (auto) | I20: GA | J20: =COUNTIFS($E$41:$E$205,"Tornado track line",$F$41:$F$205,"*starts in GA;*") | K20: outside the story: removed for the next render (fix made after v5)
A21: Video length (s) | B21: 546.23 | C21: ffprobe of the rendered file | E21: Radar colour scale | F21: =COUNTIF($E$41:$E$205,E21) | G21: Engine (auto) | I21: NC | J21: =COUNTIFS($E$41:$E$205,"Tornado track line",$F$41:$F$205,"*starts in NC;*") | K21: outside the story: removed for the next render (fix made after v5)
A22: Map beats / footage beats | B22: 32 / 20 | C22: the render plan (Teamplate cutaways included) | E22: Radar loop | F22: =COUNTIF($E$41:$E$205,E22) | G22: Engine (auto)
A23: Distinct graphic layers added by the engine | B23: =COUNTIFS($J$41:$J$205,"Engine (auto)") | C23: rows; a layer can be several rows | E23: Warning polygon (fill) | F23: =COUNTIF($E$41:$E$205,E23) | G23: Engine (auto)
A24: Camera moves added by the motion pass | B24: =COUNTIF($J$41:$J$205,"Motion pass (new)") | E24: Warning polygon (outline) | F24: =COUNTIF($E$41:$E$205,E24) | G24: Engine (auto)
A25: Footage clips | B25: =COUNTIF($D$41:$D$205,"Footage") | E25: Explainer card | F25: =COUNTIF($E$41:$E$205,E25) | G25: Engine (auto)
A26: Longest still stretch, v3 (s) | B26: 16.5 | C26: measured on the video: frames compared twice a second | E26: Total | F26: =SUM(F6:F25)
A27: Longest still stretch, v5 (s) | B27: 7 | C27: same measure
A28: Time in still stretches of 6 s or more, v3 (s) | B28: 73 | C28: same measure
A29: Time in still stretches of 6 s or more, v5 (s) | B29: 19.5 | C29: same measure
A39: Every visual, in time order
A40: Start (s) | B40: End (s) | C40: Beat | D40: Family | E40: Visual | F40: What it shows | G40: Colour | H40: Hex | I40: Data source | J40: Added by | K40: On screen (s) | L40: Starts at (m:ss)
A41: 0 | B41: 0 | C41: b1 | D41: Camera move | E41: Camera start | F41: South Carolina | G41: — | I41: — | J41: Your plan | K41: =B41-A41 | L41: 0:00.0
A42: 0 | B42: 9.84 | C42: b1 | D42: Map label | E42: Place label (dot + name) | F42: NEWBERRY COUNTY | G42: Orange tag | H42: #E8552B | I42: US county outlines (bundled) | J42: Engine (auto) | K42: =B42-A42 | L42: 0:00.0
A43: 0 | B43: 7 | C43: b1 | D43: Text card | E43: Headline lower-third | F43: TORNADO / NEWBERRY COUNTY, SOUTH CAROLINA / SUNDAY, OCTOBER 11, 2026 | G43: Red kicker, white title | H43: #D3122B | I43: — | J43: Engine (auto) | K43: =B43-A43 | L43: 0:00.0
A44: 0 | B44: 546.25 | C44: b1 | D44: Transition / effect | E44: Vignette (dark edges) | F44: whole video | G44: Black (edges) | H44: #000000 | I44: — | J44: Teamplate style | K44: =B44-A44 | L44: 0:00.0
A45: 1.4 | B45: 3.6 | C45: b1 | D45: Camera move | E45: Camera fly to place | F45: South Carolina | G45: — | I45: — | J45: Your plan | K45: =B45-A45 | L45: 0:01.4
A46: 3.9 | B46: 9.54 | C46: b1 | D46: Camera move | E46: Camera slow push in | F46: same place | G46: — | I46: — | J46: Your plan | K46: =B46-A46 | L46: 0:03.9
A47: 10.14 | B47: 18.26 | C47: b2 | D47: Camera move | E47: Camera ease back out | F47: same place | G47: — | I47: — | J47: Your plan | K47: =B47-A47 | L47: 0:10.1
A48: 18.56 | B48: 23.06 | C48: b2 | D48: Footage | E48: Stock video clip | F48: 001.mp4 | G48: Full colour (video) | I48: Pexels stock video | J48: Your plan / Teamplate cutaway | K48: =B48-A48 | L48: 0:18.6
A49: 23.36 | B49: 33.36 | C49: b3 | D49: Camera move | E49: Camera slow push in | F49: same place | G49: — | I49: — | J49: Your plan | K49: =B49-A49 | L49: 0:23.4
A50: 27.26 | B50: 36.48 | C50: b3 | D50: Map label | E50: Place label (dot + name) | F50: NEWBERRY COUNTY | G50: Orange tag | H50: #E8552B | I50: US county outlines (bundled) | J50: Engine (auto) | K50: =B50-A50 | L50: 0:27.3
A51: 36.46 | B51: 42.3 | C51: b3 | D51: Footage | E51: Stock video clip | F51: 002.mp4 | G51: Full colour (video) | I51: Pexels stock video | J51: Your plan (footage beat) | K51: =B51-A51 | L51: 0:36.5
A52: 42.27 | B52: 48.11 | C52: b4 | D52: Footage | E52: Stock video clip | F52: 003.mp4 | G52: Full colour (video) | I52: Pexels stock video | J52: Your plan (footage beat) | K52: =B52-A52 | L52: 0:42.3
A53: 48.08 | B53: 53.92 | C53: b4 | D53: Footage | E53: Stock video clip | F53: 004.mp4 | G53: Full colour (video) | I53: Pexels stock video | J53: Your plan (footage beat) | K53: =B53-A53 | L53: 0:48.1
A54: 54.45 | B54: 56.85 | C54: b5 | D54: Camera move | E54: Camera fly to place | F54: 34.40,-81.42 | G54: — | I54: — | J54: Your plan | K54: =B54-A54 | L54: 0:54.5
A55: 54.48 | B55: 58.13 | C55: b5 | D55: Transition / effect | E55: Dip to dark (transition) | F55: between map and title card | G55: Black | H55: #000000 | I55: — | J55: Teamplate style | K55: =B55-A55 | L55: 0:54.5
A56: 54.58 | B56: 57.78 | C56: b5 | D56: Text card | E56: Keyword title card | F56: TOUCHDOWN | G56: White + red highlight | H56: #D3122B | I56: — | J56: Your plan (hud_title) in Teamplate style | K56: =B56-A56 | L56: 0:54.6
A57: 57.15 | B57: 66.96 | C57: b5 | D57: Camera move | E57: Camera ease back out | F57: same place | G57: — | I57: — | J57: Your plan | K57: =B57-A57 | L57: 0:57.1
A58: 57.88 | B58: 67.26 | C58: b5 | D58: Text card | E58: Place tag (top) | F58: NEWBERRY COUNTY | G58: Black tag, white text | H58: #111111 | I58: — | J58: Teamplate style | K58: =B58-A58 | L58: 0:57.9
A59: 61.74 | B59: 67.26 | C59: b5 | D59: Map label | E59: Place label (dot + name) | F59: FAIRFIELD COUNTY | G59: Orange tag | H59: #E8552B | I59: US county outlines (bundled) | J59: Engine (auto) | K59: =B59-A59 | L59: 1:01.7
A60: 67.56 | B60: 74.88 | C60: b6 | D60: Camera move | E60: Camera slow push in | F60: same place | G60: — | I60: — | J60: Your plan | K60: =B60-A60 | L60: 1:07.6
A61: 75.18 | B61: 80.68 | C61: b6 | D61: Footage | E61: Stock video clip | F61: 005.mp4 | G61: Full colour (video) | I61: Pexels stock video | J61: Your plan / Teamplate cutaway | K61: =B61-A61 | L61: 1:15.2
A62: 83.16 | B62: 97.22 | C62: b7 | D62: Legend / key | E62: Legend panel | F62: EF0 TORNADO TRACK, EF1 TORNADO TRACK, EF2 TORNADO TRACK, SURVEYED · PRELIMINARY | G62: Dark panel; swatches Orange, Red-orange, White, Yellow | I62: — | J62: Engine (auto) | K62: =B62-A62 | L62: 1:23.2
A63: 83.16 | B63: 97.22 | C63: b7 | D63: Map data graphic | E63: Tornado track line | F63: Captolo Tornado — EF0, 80 mph, 1.45 mi, 25 yd (starts in GA; layer survey) | G63: Yellow | H63: #FFE066 | I63: NWS Damage Assessment Toolkit (preliminary) | J63: Engine (auto) | K63: =B63-A63 | L63: 1:23.2
A64: 83.16 | B64: 97.22 | C64: b7 | D64: Map data graphic | E64: Tornado track line | F64: Eastern Screven County Tornado — EF1, 105 mph, 7.49 mi, 200 yd (starts in GA; layer survey) | G64: Orange | H64: #FFA94D | I64: NWS Damage Assessment Toolkit (preliminary) | J64: Engine (auto) | K64: =B64-A64 | L64: 1:23.2
A65: 83.16 | B65: 97.22 | C65: b7 | D65: Map data graphic | E65: Tornado track line | F65: Waynesboro Tornado — EF1, 110 mph, 2.70 mi, 350 yd (starts in GA; layer survey) | G65: Orange | H65: #FFA94D | I65: NWS Damage Assessment Toolkit (preliminary) | J65: Engine (auto) | K65: =B65-A65 | L65: 1:23.2
A66: 83.16 | B66: 97.22 | C66: b7 | D66: Map data graphic | E66: Tornado track line | F66: Western Allendale Co Tornado — EF1, 110 mph, 3.20 mi, 350 yd (starts in SC; layer survey) | G66: Orange | H66: #FFA94D | I66: NWS Damage Assessment Toolkit (preliminary) | J66: Engine (auto) | K66: =B66-A66 | L66: 1:23.2
A67: 83.16 | B67: 97.22 | C67: b7 | D67: Map data graphic | E67: Tornado track line | F67: Northern Allendale Tornado — EF1, 105 mph, 1.75 mi, 200 yd (starts in SC; layer survey) | G67: Orange | H67: #FFA94D | I67: NWS Damage Assessment Toolkit (preliminary) | J67: Engine (auto) | K67: =B67-A67 | L67: 1:23.2
A68: 83.16 | B68: 97.22 | C68: b7 | D68: Map data graphic | E68: Tornado track line | F68: Kline Tornado — EF1, 95 mph, 1.96 mi, 100 yd (starts in SC; layer survey) | G68: Orange | H68: #FFA94D | I68: NWS Damage Assessment Toolkit (preliminary) | J68: Engine (auto) | K68: =B68-A68 | L68: 1:23.2
A69: 83.16 | B69: 97.22 | C69: b7 | D69: Map data graphic | E69: Tornado track line | F69: Barnwell Tornado — EF2, 115 mph, 18.04 mi, 250 yd (starts in SC; layer survey) | G69: Red-orange | H69: #FF6B3D | I69: NWS Damage Assessment Toolkit (preliminary) | J69: Engine (auto) | K69: =B69-A69 | L69: 1:23.2
A70: 83.16 | B70: 97.22 | C70: b7 | D70: Map data graphic | E70: Tornado track line | F70: Wagener Tornado — EF1, 105 mph, 3.22 mi, 150 yd (starts in SC; layer survey) | G70: Orange | H70: #FFA94D | I70: NWS Damage Assessment Toolkit (preliminary) | J70: Engine (auto) | K70: =B70-A70 | L70: 1:23.2
A71: 83.16 | B71: 97.22 | C71: b7 | D71: Map data graphic | E71: Tornado track line | F71: Newberry tornado (unnamed in DAT) — EF2, 115 mph, 1.47 mi, 450 yd (starts in SC; layer survey) | G71: Red-orange | H71: #FF6B3D | I71: NWS Damage Assessment Toolkit (preliminary) | J71: Engine (auto) | K71: =B71-A71 | L71: 1:23.2
A72: 83.16 | B72: 97.22 | C72: b7 | D72: Map data graphic | E72: Tornado track line | F72: (unnamed in DAT) — EF2, 115 mph, 5.30 mi, 150 yd (starts in NC; layer survey) | G72: Red-orange | H72: #FF6B3D | I72: NWS Damage Assessment Toolkit (preliminary) | J72: Engine (auto) | K72: =B72-A72 | L72: 1:23.2
A73: 83.16 | B73: 97.22 | C73: b7 | D73: Map data graphic | E73: Tornado track line | F73: Clarendon Tornado — EF0, 80 mph, 0.13 mi, 20 yd (starts in NC; layer survey) | G73: Yellow | H73: #FFE066 | I73: NWS Damage Assessment Toolkit (preliminary) | J73: Engine (auto) | K73: =B73-A73 | L73: 1:23.2
A74: 83.16 | B74: 97.22 | C74: b7 | D74: Map data graphic | E74: Track label chip | F74: EF2 · 115 MPH · 1.47 MI · 450 YD | G74: Red-orange | H74: #FF6B3D | I74: NWS Damage Assessment Toolkit (preliminary) | J74: Engine (auto) | K74: =B74-A74 | L74: 1:23.2
A75: 83.16 | B75: 97.22 | C75: b7 | D75: Source line | E75: Source line (bottom text) | F75: Tornado surveys: NWS Damage Assessment Toolkit, preliminary | G75: White text | H75: #FFFFFF | I75: — | J75: Engine (auto) | K75: =B75-A75 | L75: 1:23.2
A76: 86.64 | B76: 91.96 | C76: b7 | D76: Footage | E76: Stock video clip | F76: 006.mp4 | G76: Full colour (video) | I76: Pexels stock video | J76: Your plan / Teamplate cutaway | K76: =B76-A76 | L76: 1:26.6
A77: 91.92 | B77: 97.24 | C77: b7_x3 | D77: Footage | E77: Stock video clip | F77: 007.mp4 | G77: Full colour (video) | I77: Pexels stock video | J77: Your plan / Teamplate cutaway | K77: =B77-A77 | L77: 1:31.9
A78: 97.2 | B78: 104.57 | C78: b7_x3 | D78: Footage | E78: Stock video clip | F78: 008.mp4 | G78: Full colour (video) | I78: Pexels stock video | J78: Your plan (footage beat) | K78: =B78-A78 | L78: 1:37.2
A79: 104.54 | B79: 111.9 | C79: b8 | D79: Footage | E79: Stock video clip | F79: 009.mp4 | G79: Full colour (video) | I79: Pexels stock video | J79: Your plan (footage beat) | K79: =B79-A79 | L79: 1:44.5
A80: 111.87 | B80: 119.24 | C80: b8 | D80: Footage | E80: Stock video clip | F80: 010.mp4 | G80: Full colour (video) | I80: Pexels stock video | J80: Your plan (footage beat) | K80: =B80-A80 | L80: 1:51.9
A81: 119.54 | B81: 129.54 | C81: b9 | D81: Camera move | E81: Camera ease back out | F81: same place | G81: — | I81: — | J81: Your plan | K81: =B81-A81 | L81: 1:59.5
A82: 126.98 | B82: 136.92 | C82: b9 | D82: Map label | E82: Place label (dot + name) | F82: NEWBERRY COUNTY | G82: Orange tag | H82: #E8552B | I82: US county outlines (bundled) | J82: Engine (auto) | K82: =B82-A82 | L82: 2:07.0
A83: 130.46 | B83: 136.94 | C83: b9 | D83: Footage | E83: Stock video clip | F83: 011.mp4 | G83: Full colour (video) | I83: Pexels stock video | J83: Your plan / Teamplate cutaway | K83: =B83-A83 | L83: 2:10.5
A84: 136.9 | B84: 142.68 | C84: b9_x4 | D84: Footage | E84: Stock video clip | F84: 012.mp4 | G84: Full colour (video) | I84: Pexels stock video | J84: Your plan (footage beat) | K84: =B84-A84 | L84: 2:16.9
A85: 142.65 | B85: 148.43 | C85: b10 | D85: Footage | E85: Stock video clip | F85: 013.mp4 | G85: Full colour (video) | I85: Pexels stock video | J85: Your plan (footage beat) | K85: =B85-A85 | L85: 2:22.7
A86: 148.4 | B86: 154.18 | C86: b10 | D86: Footage | E86: Stock video clip | F86: 014.mp4 | G86: Full colour (video) | I86: Pexels stock video | J86: Your plan (footage beat) | K86: =B86-A86 | L86: 2:28.4
A87: 154.14 | B87: 159.12 | C87: b10 | D87: Footage | E87: Stock video clip | F87: 015.mp4 | G87: Full colour (video) | I87: Pexels stock video | J87: Your plan (footage beat) | K87: =B87-A87 | L87: 2:34.1
A88: 159.09 | B88: 164.07 | C88: b11 | D88: Footage | E88: Stock video clip | F88: 016.mp4 | G88: Full colour (video) | I88: Pexels stock video | J88: Your plan (footage beat) | K88: =B88-A88 | L88: 2:39.1
A89: 164.04 | B89: 169.02 | C89: b11 | D89: Footage | E89: Stock video clip | F89: 017.mp4 | G89: Full colour (video) | I89: Pexels stock video | J89: Your plan (footage beat) | K89: =B89-A89 | L89: 2:44.0
A90: 169.55 | B90: 171.95 | C90: b12 | D90: Camera move | E90: Camera fly to place | F90: South Carolina | G90: — | I90: — | J90: Your plan | K90: =B90-A90 | L90: 2:49.6
A91: 172.25 | B91: 179.08 | C91: b12 | D91: Camera move | E91: Camera slow push in | F91: same place | G91: — | I91: — | J91: Your plan | K91: =B91-A91 | L91: 2:52.2
A92: 179.68 | B92: 189.68 | C92: b13 | D92: Camera move | E92: Camera ease back out | F92: same place | G92: — | I92: — | J92: Your plan | K92: =B92-A92 | L92: 2:59.7
A93: 189.68 | B93: 193.76 | C93: b13 | D93: Camera move | E93: Camera slow push in | F93: same place | G93: — | I93: — | J93: Your plan | K93: =B93-A93 | L93: 3:09.7
A94: 194.11 | B94: 197.76 | C94: b14 | D94: Transition / effect | E94: Dip to dark (transition) | F94: between map and title card | G94: Black | H94: #000000 | I94: — | J94: Teamplate style | K94: =B94-A94 | L94: 3:14.1
A95: 194.21 | B95: 197.41 | C95: b14 | D95: Text card | E95: Keyword title card | F95: THE EF SCALE | G95: White + red highlight | H95: #D3122B | I95: — | J95: Your plan (hud_title) in Teamplate style | K95: =B95-A95 | L95: 3:14.2
A96: 194.36 | B96: 204.36 | C96: b14 | D96: Camera move | E96: Camera ease back out | F96: same place | G96: — | I96: — | J96: Your plan | K96: =B96-A96 | L96: 3:14.4
A97: 197.51 | B97: 209.51 | C97: b14 | D97: Text card | E97: Place tag (top) | F97: ENHANCED FUJITA | G97: Black tag, white text | H97: #111111 | I97: — | J97: Teamplate style | K97: =B97-A97 | L97: 3:17.5
A98: 204.36 | B98: 212.9 | C98: b14 | D98: Camera move | E98: Camera slow push in | F98: same place | G98: — | I98: — | J98: Your plan | K98: =B98-A98 | L98: 3:24.4
A99: 213.5 | B99: 221.66 | C99: b15 | D99: Camera move | E99: Camera ease back out | F99: same place | G99: — | I99: — | J99: Your plan | K99: =B99-A99 | L99: 3:33.5
A100: 221.96 | B100: 230.98 | C100: b15 | D100: Footage | E100: Stock video clip | F100: 018.mp4 | G100: Full colour (video) | I100: Pexels stock video | J100: Your plan / Teamplate cutaway | K100: =B100-A100 | L100: 3:42.0
A101: 230.94 | B101: 236.08 | C101: b15_x5 | D101: Footage | E101: Stock video clip | F101: 019.mp4 | G101: Full colour (video) | I101: Pexels stock video | J101: Your plan (footage beat) | K101: =B101-A101 | L101: 3:50.9
A102: 236.04 | B102: 241.18 | C102: b16 | D102: Footage | E102: Stock video clip | F102: 020.mp4 | G102: Full colour (video) | I102: Pexels stock video | J102: Your plan (footage beat) | K102: =B102-A102 | L102: 3:56.0
A103: 241.14 | B103: 246.28 | C103: b16 | D103: Footage | E103: Stock video clip | F103: 021.mp4 | G103: Full colour (video) | I103: Pexels stock video | J103: Your plan (footage beat) | K103: =B103-A103 | L103: 4:01.1
A104: 250.74 | B104: 257.36 | C104: b17 | D104: Footage | E104: Stock video clip | F104: 022.mp4 | G104: Full colour (video) | I104: Pexels stock video | J104: Your plan / Teamplate cutaway | K104: =B104-A104 | L104: 4:10.7
A105: 259.84 | B105: 274.4 | C105: b18 | D105: Legend / key | E105: Legend panel | F105: TORNADO WARNING | G105: Dark panel; swatches Red | I105: — | J105: Engine (auto) | K105: =B105-A105 | L105: 4:19.8
A106: 259.84 | B106: 274.4 | C106: b18 | D106: Legend / key | E106: Radar colour scale | F106: LIGHT – HEAVY – HAIL | G106: Multicolour scale | I106: — | J106: Engine (auto) | K106: =B106-A106 | L106: 4:19.8
A107: 259.84 | B107: 274.4 | C107: b18 | D107: Map loop | E107: Radar loop | F107: NEXRAD reflectivity, 7 scans, 5:55–6:25 AM EDT Oct 11 | G107: Multicolour (dBZ scale: blue-green-yellow-red-purple) | I107: NOAA/NWS NEXRAD via IEM | J107: Engine (auto) | K107: =B107-A107 | L107: 4:19.8
A108: 259.84 | B108: 274.4 | C108: b18 | D108: Source line | E108: Source line (bottom text) | F108: Radar: NOAA/NWS NEXRAD via Iowa Environmental Mesonet, Oct 11, 5:55 AM–6:25 AM EDT · Warnings: National Weather Service via IEM, 5:55 AM–6:25 AM EDT | G108: White text | H108: #FFFFFF | I108: — | J108: Engine (auto) | K108: =B108-A108 | L108: 4:19.8
A109: 260.14 | B109: 262.54 | C109: b18 | D109: Camera move | E109: Camera fly to place | F109: 34.40,-81.42 | G109: — | I109: — | J109: Your plan | K109: =B109-A109 | L109: 4:20.1
A110: 260.18 | B110: 263.83 | C110: b18 | D110: Transition / effect | E110: Dip to dark (transition) | F110: between map and title card | G110: Black | H110: #000000 | I110: — | J110: Teamplate style | K110: =B110-A110 | L110: 4:20.2
...

Sheet All visuals
A1: Every visual Weather can put on screen
A2: Data layers live in weather/layers (drawn by weather-engine plugins); the engine (weather/intel) adds them by itself when the narration discusses them and the data exists. 'Used in v5' counts rows of the first sheet.
A4: Visual | B4: Family | C4: Layer / type | D4: What it shows | E4: Data source | F4: Colours | G4: The engine adds it when… | H4: Event types | I4: Used in v5 (rows)
A5: Tornado track line | B5: Map data graphic | C5: tornado_tracks | D5: each NWS-surveyed tornado path, drawn on the map | E5: NWS Damage Assessment Toolkit (preliminary) | F5: Yellow EF0 · Orange EF1 · Red-orange EF2 · Red EF3 · Magenta EF4 · Purple EF5 | G5: a beat describes the tornado's path/width (tornado, severe); again where the narration returns to it | H5: tornado, severe | I5: =COUNTIF('This video (v5)'!$E$41:$E$205,"Tornado track line")
A6: Track label chip | B6: Map data graphic | C6: tornado_tracks / storm_track | D6: EF · wind · length · width (survey) or CAT · MPH · time (hurricane) | E6: NWS DAT / NHC | F6: chip in the track's colour | G6: with the track it labels | H6: tornado, hurricane | I6: =COUNTIF('This video (v5)'!$E$41:$E$205,"Track label chip")
A7: Radar loop | B7: Map loop | C7: radar | D7: NEXRAD reflectivity frames with a clock | E7: NOAA/NWS NEXRAD via IEM | F7: blue-green-yellow-red-purple dBZ scale | G7: a beat talks about radar/warnings/the storm moving; window fitted to the warning | H7: tornado, severe, hurricane, flood | I7: =COUNTIF('This video (v5)'!$E$41:$E$205,"Radar loop")
A8: Warning polygon | B8: Map data graphic | C8: warnings_archive | D8: each NWS warning area from its issue time | E8: NWS warnings via IEM archive | F8: Red tornado · Yellow severe t-storm · Green flash flood · Orange extreme wind | G8: with the radar loop | H8: tornado, severe, hurricane, flood | I8: =COUNTIF('This video (v5)'!$E$41:$E$205,"Warning polygon*")
A9: Storm reports map | B9: Map data graphic | C9: storm_reports | D9: SPC tornado / wind / hail reports popping in, with a count | E9: SPC (preliminary) | F9: Red tornado · Blue wind · Green hail | G9: a beat discusses reports and no NWS survey exists | H9: tornado, severe | I9: =COUNTIF('This video (v5)'!$E$41:$E$205,"Storm reports map")
A10: Counter | B10: Panel / chart | C10: counter | D10: a number counting up (reports, warnings issued) | E10: SPC / IEM | F10: dark panel, yellow bar | G10: the narration states a count | H10: severe, hurricane | I10: =COUNTIF('This video (v5)'!$E$41:$E$205,"Counter")
A11: SPC outlook | B11: Map data graphic | C11: spc_outlook | D11: categorical severe-weather risk areas | E11: NOAA Storm Prediction Center | F11: Green marginal → Yellow slight → Orange enhanced → Red moderate → Magenta high | G11: the narration discusses the outlook | H11: tornado, severe | I11: =COUNTIF('This video (v5)'!$E$41:$E$205,"SPC outlook")
A12: Rain outlook (ERO) | B12: Map data graphic | C12: wpc_ero | D12: risk of excessive rainfall areas | E12: NOAA Weather Prediction Center | F12: Green / Yellow / Red / Magenta | G12: the narration discusses the rain outlook | H12: hurricane, flood | I12: =COUNTIF('This video (v5)'!$E$41:$E$205,"Rain outlook (ERO)")
A13: Hurricane cone | B13: Map data graphic | C13: storm_cone | D13: 5-day cone + coastal hurricane/TS watches and warnings | E13: NHC advisory archive | F13: White cone · Red/Pink/Blue/Yellow coast lines | G13: a beat mentions the cone/advisory (advisory chosen by the time said) | H13: hurricane | I13: =COUNTIF('This video (v5)'!$E$41:$E$205,"Hurricane cone")
A14: Hurricane track | B14: Map data graphic | C14: storm_track | D14: best track coloured by strength, or forecast track with points | E14: NHC best track / advisory | F14: Blue TD · Cyan TS · Yellow→Red Cat 1–5 | G14: a beat describes the path or strength | H14: hurricane, flood | I14: =COUNTIF('This video (v5)'!$E$41:$E$205,"Hurricane track")
A15: Storm statistics card | B15: Panel / chart | C15: storm_stats | D15: peak strength, lowest pressure, landfall | E15: NHC HURDAT2 (final) / working best track | F15: dark panel, red bar, yellow labels | G15: a beat discusses the storm's strength | H15: hurricane | I15: =COUNTIF('This video (v5)'!$E$41:$E$205,"Storm statistics card")
A16: Satellite loop | B16: Map loop | C16: satellite_loop | D16: daily true-colour or 10-minute GOES pictures | E16: NASA GIBS (VIIRS / GOES-East) | F16: natural colour | G16: a beat talks about the storm from space | H16: hurricane, flood | I16: =COUNTIF('This video (v5)'!$E$41:$E$205,"Satellite loop")
A17: Satellite still | B17: Map loop | C17: satellite | D17: one GOES GeoColor picture | E17: NASA GIBS | F17: natural colour | G17: user plans only | H17: any | I17: =COUNTIF('This video (v5)'!$E$41:$E$205,"Satellite still")
A18: Before / after | B18: Map loop | C18: before_after | D18: two satellite days cross-faded, labelled | E18: NASA GIBS | F18: natural or false colour (water dark blue) | G18: a beat compares before and after | H18: flood, hurricane | I18: =COUNTIF('This video (v5)'!$E$41:$E$205,"Before / after")
A19: Rain map | B19: Map data graphic | C19: rain_map | D19: multi-day radar-estimated rain with an inch legend | E19: NOAA MRMS via IEM (estimate) | F19: light green → blue → purple → magenta | G19: a beat talks about radar rainfall estimates | H19: flood, hurricane | I19: =COUNTIF('This video (v5)'!$E$41:$E$205,"Rain map")
A20: Rain totals (chip or bars) | B20: Panel / chart | C20: rain_total | D20: observed rain at gauges: a chip, or a bar chart | E20: NOAA RCC-ACIS | F20: cyan bars, white numbers | G20: a beat names gauges/places with totals | H20: flood, hurricane | I20: =COUNTIF('This video (v5)'!$E$41:$E$205,"Rain totals")
A21: Record badge | B21: Panel / chart | C21: record / temp_extreme | D21: 'wettest/hottest day on record', new vs old record | E21: NOAA RCC-ACIS | F21: blue rain · red heat · light blue cold | G21: a beat talks about a record | H21: flood, heat | I21: =COUNTIF('This video (v5)'!$E$41:$E$205,"Record badge")
A22: River crest + hydrograph | B22: Panel / chart | C22: river_crest | D22: a gauge's crest with flood stage, optional hydrograph | E22: USGS + NWS flood categories | F22: cyan chip; flood-stage lines | G22: a beat names a river and its crest | H22: flood | I22: =COUNTIF('This video (v5)'!$E$41:$E$205,"River crest")
A23: Event timeline | B23: Panel / chart | C23: event_timeline | D23: days with dated marks (landfall, wettest day, crest) | E23: NHC / ACIS / USGS | F23: dark panel, white/amber marks | G23: a beat says 'timeline' | H23: flood, hurricane | I23: =COUNTIF('This video (v5)'!$E$41:$E$205,"Event timeline")
A24: Explainer card | B24: Text card | C24: explainer | D24: fixed NWS definitions (watch vs warning) | E24: NWS (weather.gov) | F24: Yellow WATCH · Red WARNING | G24: a beat compares a watch and a warning | H24: tornado, severe | I24: =COUNTIF('This video (v5)'!$E$41:$E$205,"Explainer card")
A25: Headline lower-third | B25: Text card | C25: headline (tp_lower in Teamplate) | D25: kicker / title / date | E25: — (words only) | F25: Red news · Blue forecast · Amber post-event kicker | G25: the first map beat, when the plan has no title card there | H25: any | I25: =COUNTIF('This video (v5)'!$E$41:$E$205,"Headline lower-third")
A26: Place label | B26: Map label | C26: place_label (tp_place in Teamplate) | D26: a dot and a place name | E26: US county outlines / city list | F26: white dot, orange tag (Teamplate) | G26: a county/city with coordinates is named; long empty beats | H26: tornado, severe, flood | I26: =COUNTIF('This video (v5)'!$E$41:$E$205,"Place label (dot + name)")
A27: Landfall marker | B27: Map label | C27: place_label | D27: 'LANDFALL' at the best-track landfall point | E27: NHC HURDAT2 | F27: white dot + label | G27: a beat says it came ashore | H27: hurricane | I27: =COUNTIF('This video (v5)'!$E$41:$E$205,"Landfall marker")
A28: Legend panel | B28: Legend / key | C28: alert_legend | D28: colour key of the shapes on the map | E28: — | F28: dark panel with swatches | G28: with warnings, outlooks, tracks | H28: all | I28: =COUNTIF('This video (v5)'!$E$41:$E$205,"Legend panel")
A29: Radar colour scale | B29: Legend / key | C29: radar_legend | D29: LIGHT – HEAVY – HAIL bar | E29: — | F29: dBZ colours | G29: with the radar loop | H29: all | I29: =COUNTIF('This video (v5)'!$E$41:$E$205,"Radar colour scale")
A30: Source line | B30: Source line | C30: source_line | D30: names the data and its time on screen | E30: — | F30: white text | G30: every beat with data | H30: all | I30: =COUNTIF('This video (v5)'!$E$41:$E$205,"Source line (bottom text)")
A31: Forecast strip | B31: Panel / chart | C31: forecast_strip | D31: 5–7 day highs/lows/icons | E31: NWS API | F31: dark panel, white numbers | G31: a current forecast story | H31: forecast | I31: =COUNTIF('This video (v5)'!$E$41:$E$205,"Forecast strip")
A32: Temperature marker | B32: Map data graphic | C32: temp_marker | D32: a city's high/low/now on the map | E32: NWS API | F32: white chip | G32: forecast plans | H32: forecast | I32: =COUNTIF('This video (v5)'!$E$41:$E$205,"Temperature marker")
A33: Current conditions card | B33: Panel / chart | C33: now_card | D33: temperature now + sky | E33: NWS observations | F33: dark panel | G33: a current forecast story | H33: forecast | I33: =COUNTIF('This video (v5)'!$E$41:$E$205,"Current conditions card")
A34: Active alerts map | B34: Map data graphic | C34: alert_area | D34: today's NWS alert areas | E34: NWS API | F34: NWS alert colours | G34: a current story with alerts | H34: forecast | I34: =COUNTIF('This video (v5)'!$E$41:$E$205,"Active alerts map")
A35: Temperature trend | B35: Panel / chart | C35: temp_trend | D35: the week's highs and lows as a line chart | E35: NWS API | F35: red highs, blue lows | G35: forecast plans | H35: forecast | I35: =COUNTIF('This video (v5)'!$E$41:$E$205,"Temperature trend")
A36: Wind streaks | B36: Map data graphic | C36: wind_flow | D36: moving streaks the way the wind blows | E36: NWS forecast | F36: white streaks | G36: forecast plans | H36: forecast | I36: =COUNTIF('This video (v5)'!$E$41:$E$205,"Wind streaks")
A37: Footage credit chip | B37: Text card | C37: footage_credit | D37: credit of an approved event clip | E37: — | F37: dark chip | G37: approved event footage | H37: any | I37: =COUNTIF('This video (v5)'!$E$41:$E$205,"Footage credit chip")
A38: Keyword title card | B38: Text card | C38: tp_title (Teamplate) | D38: big words with a highlighted keyword | E38: your plan's title | F38: white, red highlight | G38: your plan's hud_title in Teamplate style | H38: any | I38: =COUNTIF('This video (v5)'!$E$41:$E$205,"Keyword title card")
A39: Place tag (top) | B39: Text card | C39: tp_tag (Teamplate) | D39: where the map is | E39: — | F39: black tag | G39: Teamplate style | H39: any | I39: =COUNTIF('This video (v5)'!$E$41:$E$205,"Place tag (top)")
A40: Big stat card | B40: Text card | C40: tp_stat (Teamplate) / stat (Hybrid) | D40: one number with a label | E40: your plan | F40: white / red | G40: your plan's stat layers | H40: any | I40: =COUNTIF('This video (v5)'!$E$41:$E$205,"Big stat card")
A41: Dip to dark | B41: Transition / effect | C41: tp_dip (Teamplate) | D41: short dark dip into a title card | E41: — | F41: black | G41: Teamplate style | H41: any | I41: =COUNTIF('This video (v5)'!$E$41:$E$205,"Dip to dark (transition)")
A42: Vignette | B42: Transition / effect | C42: tp_vignette (Teamplate) | D42: dark frame edges | E42: — | F42: black edges | G42: Teamplate style | H42: any | I42: =COUNTIF('This video (v5)'!$E$41:$E$205,"Vignette (dark edges)")
A43: Hybrid map layers | B43: Map label | C43: marker, zone_label, fill, line, caption | D43: your plan's own markers, zones, routes, captions | E43: your plan | F43: plan colours | G43: your plan | H43: any | I43: =COUNTIF('This video (v5)'!$E$41:$E$205,"Hybrid map layer")
A44: Stock video clip | B44: Footage | C44: footage beat / Teamplate cutaway | D44: full-screen b-roll | E44: Pexels (or your library) | F44: full colour | G44: footage beats; Teamplate cutaways ≤ 40% | H44: any | I44: =COUNTIF('This video (v5)'!$E$41:$E$205,"Stock video clip")
A45: Camera fly / start | B45: Camera move | C45: start, fly_to | D45: the map moves to a place | E45: your plan | F45: — | G45: your plan's camera targets | H45: any | I45: =COUNTIF('This video (v5)'!$E$41:$E$205,"Camera fly to place")+COUNTIF('This video (v5)'!$E$41:$E$205,"Camera start")
A46: Camera slow push in / ease out | B46: Camera move | C46: push_in, pull_back | D46: gentle zoom so the map never stands still | E46: — | F46: — | G46: motion pass: any still map stretch over 6 s | H46: any | I46: =COUNTIF('This video (v5)'!$E$41:$E$205,"Camera slow push in")+COUNTIF('This video (v5)'!$E$41:$E$205,"Camera ease back out")
A48: Visuals available | B48: =COUNTA(A5:A46)
A49: Of them used in v5 | B49: =COUNTIF(I5:I46,">0")
